case,message,symbol_index,input_bits,tx_symbol,tx_slots,received_counts,rx_symbol,output_bits,symbol_correct,guard_count
ideal_HI,HI,0,00,0,1 0 0 0 0,100 0 0 0 0,0,00,True,0
ideal_HI,HI,1,01,1,0 1 0 0 0,0 100 0 0 0,1,01,True,0
ideal_HI,HI,2,10,2,0 0 1 0 0,0 0 100 0 0,2,10,True,0
ideal_HI,HI,3,10,2,0 0 1 0 0,0 0 100 0 0,2,10,True,0
ideal_HI,HI,4,11,3,0 0 0 1 0,0 0 0 100 0,3,11,True,0
ideal_HI,HI,5,00,0,1 0 0 0 0,100 0 0 0 0,0,00,True,0
ideal_HI,HI,6,11,3,0 0 0 1 0,0 0 0 100 0,3,11,True,0
ideal_HI,HI,7,11,3,0 0 0 1 0,0 0 0 100 0,3,11,True,0
ideal_HI,HI,8,11,3,0 0 0 1 0,0 0 0 100 0,3,11,True,0
ideal_HI,HI,9,11,3,0 0 0 1 0,0 0 0 100 0,3,11,True,0
ideal_HI,HI,10,11,3,0 0 0 1 0,0 0 0 100 0,3,11,True,0
ideal_HI,HI,11,00,0,1 0 0 0 0,100 0 0 0 0,0,00,True,0
ideal_HI,HI,12,00,0,1 0 0 0 0,100 0 0 0 0,0,00,True,0
ideal_HI,HI,13,01,1,0 1 0 0 0,0 100 0 0 0,1,01,True,0
ideal_HI,HI,14,11,3,0 0 0 1 0,0 0 0 100 0,3,11,True,0
ideal_HI,HI,15,01,1,0 1 0 0 0,0 100 0 0 0,1,01,True,0
ideal_HI,HI,16,01,1,0 1 0 0 0,0 100 0 0 0,1,01,True,0
ideal_HI,HI,17,00,0,1 0 0 0 0,100 0 0 0 0,0,00,True,0
ideal_HI,HI,18,10,2,0 0 1 0 0,0 0 100 0 0,2,10,True,0
ideal_HI,HI,19,00,0,1 0 0 0 0,100 0 0 0 0,0,00,True,0
ideal_HI,HI,20,01,1,0 1 0 0 0,0 100 0 0 0,1,01,True,0
ideal_HI,HI,21,00,0,1 0 0 0 0,100 0 0 0 0,0,00,True,0
ideal_HI,HI,22,10,2,0 0 1 0 0,0 0 100 0 0,2,10,True,0
ideal_HI,HI,23,01,1,0 1 0 0 0,0 100 0 0 0,1,01,True,0
ideal_HI,HI,24,11,3,0 0 0 1 0,0 0 0 100 0,3,11,True,0
ideal_HI,HI,25,11,3,0 0 0 1 0,0 0 0 100 0,3,11,True,0
ideal_HI,HI,26,10,2,0 0 1 0 0,0 0 100 0 0,2,10,True,0
ideal_HI,HI,27,00,0,1 0 0 0 0,100 0 0 0 0,0,00,True,0
ideal_HI,HI,28,00,0,1 0 0 0 0,100 0 0 0 0,0,00,True,0
ideal_HI,HI,29,11,3,0 0 0 1 0,0 0 0 100 0,3,11,True,0
ideal_HI,HI,30,11,3,0 0 0 1 0,0 0 0 100 0,3,11,True,0
ideal_HI,HI,31,01,1,0 1 0 0 0,0 100 0 0 0,1,01,True,0
ideal_HI,HI,32,11,3,0 0 0 1 0,0 0 0 100 0,3,11,True,0
ideal_HI,HI,33,11,3,0 0 0 1 0,0 0 0 100 0,3,11,True,0
ideal_HI,HI,34,11,3,0 0 0 1 0,0 0 0 100 0,3,11,True,0
ideal_HI,HI,35,01,1,0 1 0 0 0,0 100 0 0 0,1,01,True,0
ideal_HI,HI,36,10,2,0 0 1 0 0,0 0 100 0 0,2,10,True,0
ideal_HI,HI,37,10,2,0 0 1 0 0,0 0 100 0 0,2,10,True,0
ideal_HI,HI,38,01,1,0 1 0 0 0,0 100 0 0 0,1,01,True,0
ideal_HI,HI,39,01,1,0 1 0 0 0,0 100 0 0 0,1,01,True,0
ideal_A_padding,A,0,00,0,1 0 0 0 0,100 0 0 0 0,0,00,True,0
ideal_A_padding,A,1,01,1,0 1 0 0 0,0 100 0 0 0,1,01,True,0
ideal_A_padding,A,2,10,2,0 0 1 0 0,0 0 100 0 0,2,10,True,0
ideal_A_padding,A,3,10,2,0 0 1 0 0,0 0 100 0 0,2,10,True,0
ideal_A_padding,A,4,11,3,0 0 0 1 0,0 0 0 100 0,3,11,True,0
ideal_A_padding,A,5,00,0,1 0 0 0 0,100 0 0 0 0,0,00,True,0
ideal_A_padding,A,6,11,3,0 0 0 1 0,0 0 0 100 0,3,11,True,0
ideal_A_padding,A,7,11,3,0 0 0 1 0,0 0 0 100 0,3,11,True,0
ideal_A_padding,A,8,11,3,0 0 0 1 0,0 0 0 100 0,3,11,True,0
ideal_A_padding,A,9,11,3,0 0 0 1 0,0 0 0 100 0,3,11,True,0
ideal_A_padding,A,10,11,3,0 0 0 1 0,0 0 0 100 0,3,11,True,0
ideal_A_padding,A,11,00,0,1 0 0 0 0,100 0 0 0 0,0,00,True,0
ideal_A_padding,A,12,00,0,1 0 0 0 0,100 0 0 0 0,0,00,True,0
ideal_A_padding,A,13,01,1,0 1 0 0 0,0 100 0 0 0,1,01,True,0
ideal_A_padding,A,14,11,3,0 0 0 1 0,0 0 0 100 0,3,11,True,0
ideal_A_padding,A,15,01,1,0 1 0 0 0,0 100 0 0 0,1,01,True,0
ideal_A_padding,A,16,01,1,0 1 0 0 0,0 100 0 0 0,1,01,True,0
ideal_A_padding,A,17,00,0,1 0 0 0 0,100 0 0 0 0,0,00,True,0
ideal_A_padding,A,18,00,0,1 0 0 0 0,100 0 0 0 0,0,00,True,0
ideal_A_padding,A,19,01,1,0 1 0 0 0,0 100 0 0 0,1,01,True,0
ideal_A_padding,A,20,00,0,1 0 0 0 0,100 0 0 0 0,0,00,True,0
ideal_A_padding,A,21,00,0,1 0 0 0 0,100 0 0 0 0,0,00,True,0
ideal_A_padding,A,22,00,0,1 0 0 0 0,100 0 0 0 0,0,00,True,0
ideal_A_padding,A,23,00,0,1 0 0 0 0,100 0 0 0 0,0,00,True,0
ideal_A_padding,A,24,11,3,0 0 0 1 0,0 0 0 100 0,3,11,True,0
ideal_A_padding,A,25,11,3,0 0 0 1 0,0 0 0 100 0,3,11,True,0
ideal_A_padding,A,26,10,2,0 0 1 0 0,0 0 100 0 0,2,10,True,0
ideal_A_padding,A,27,11,3,0 0 0 1 0,0 0 0 100 0,3,11,True,0
ideal_A_padding,A,28,00,0,1 0 0 0 0,100 0 0 0 0,0,00,True,0
ideal_A_padding,A,29,10,2,0 0 1 0 0,0 0 100 0 0,2,10,True,0
ideal_A_padding,A,30,10,2,0 0 1 0 0,0 0 100 0 0,2,10,True,0
ideal_A_padding,A,31,01,1,0 1 0 0 0,0 100 0 0 0,1,01,True,0
ideal_A_padding,A,32,11,3,0 0 0 1 0,0 0 0 100 0,3,11,True,0
ideal_A_padding,A,33,11,3,0 0 0 1 0,0 0 0 100 0,3,11,True,0
ideal_A_padding,A,34,01,1,0 1 0 0 0,0 100 0 0 0,1,01,True,0
ideal_A_padding,A,35,11,3,0 0 0 1 0,0 0 0 100 0,3,11,True,0
ideal_A_padding,A,36,11,3,0 0 0 1 0,0 0 0 100 0,3,11,True,0
ideal_A_padding,A,37,10,2,0 0 1 0 0,0 0 100 0 0,2,10,True,0
ideal_A_padding,A,38,11,3,0 0 0 1 0,0 0 0 100 0,3,11,True,0
ideal_A_padding,A,39,00,0,1 0 0 0 0,100 0 0 0 0,0,00,True,0
low_noise_HI,HI,0,00,0,1 0 0 0 0,27 0 0 0 0,0,00,True,0
low_noise_HI,HI,1,01,1,0 1 0 0 0,0 14 0 0 0,1,01,True,0
low_noise_HI,HI,2,10,2,0 0 1 0 0,0 0 13 0 0,2,10,True,0
low_noise_HI,HI,3,10,2,0 0 1 0 0,0 0 19 0 0,2,10,True,0
low_noise_HI,HI,4,11,3,0 0 0 1 0,0 0 0 22 0,3,11,True,0
low_noise_HI,HI,5,00,0,1 0 0 0 0,21 0 0 0 0,0,00,True,0
low_noise_HI,HI,6,11,3,0 0 0 1 0,0 0 0 24 0,3,11,True,0
low_noise_HI,HI,7,11,3,0 0 0 1 0,0 0 0 26 0,3,11,True,0
low_noise_HI,HI,8,11,3,0 0 0 1 0,0 0 0 21 0,3,11,True,0
low_noise_HI,HI,9,11,3,0 0 0 1 0,0 0 0 20 0,3,11,True,0
low_noise_HI,HI,10,11,3,0 0 0 1 0,0 0 0 26 0,3,11,True,0
low_noise_HI,HI,11,00,0,1 0 0 0 0,20 0 0 0 0,0,00,True,0
low_noise_HI,HI,12,00,0,1 0 0 0 0,24 0 0 0 0,0,00,True,0
low_noise_HI,HI,13,01,1,0 1 0 0 0,0 12 0 0 0,1,01,True,0
low_noise_HI,HI,14,11,3,0 0 0 1 0,0 0 0 21 0,3,11,True,0
low_noise_HI,HI,15,01,1,0 1 0 0 0,0 17 0 0 0,1,01,True,0
low_noise_HI,HI,16,01,1,0 1 0 0 0,0 23 0 0 0,1,01,True,0
low_noise_HI,HI,17,00,0,1 0 0 0 0,22 0 0 0 0,0,00,True,0
low_noise_HI,HI,18,10,2,0 0 1 0 0,0 0 20 0 0,2,10,True,0
low_noise_HI,HI,19,00,0,1 0 0 0 0,23 0 0 0 0,0,00,True,0
low_noise_HI,HI,20,01,1,0 1 0 0 0,0 24 0 0 0,1,01,True,0
low_noise_HI,HI,21,00,0,1 0 0 0 0,20 0 0 0 0,0,00,True,0
low_noise_HI,HI,22,10,2,0 0 1 0 0,0 0 10 0 0,2,10,True,0
low_noise_HI,HI,23,01,1,0 1 0 0 0,1 21 0 0 0,1,01,True,0
low_noise_HI,HI,24,11,3,0 0 0 1 0,0 0 0 20 0,3,11,True,0
low_noise_HI,HI,25,11,3,0 0 0 1 0,0 0 0 17 0,3,11,True,0
low_noise_HI,HI,26,10,2,0 0 1 0 0,0 0 15 0 0,2,10,True,0
low_noise_HI,HI,27,00,0,1 0 0 0 0,23 0 0 0 0,0,00,True,0
low_noise_HI,HI,28,00,0,1 0 0 0 0,17 0 0 0 0,0,00,True,0
low_noise_HI,HI,29,11,3,0 0 0 1 0,0 0 0 21 0,3,11,True,0
low_noise_HI,HI,30,11,3,0 0 0 1 0,0 0 0 16 0,3,11,True,0
low_noise_HI,HI,31,01,1,0 1 0 0 0,0 14 0 0 0,1,01,True,0
low_noise_HI,HI,32,11,3,0 0 0 1 0,0 0 0 19 0,3,11,True,0
low_noise_HI,HI,33,11,3,0 0 0 1 0,0 0 0 32 0,3,11,True,0
low_noise_HI,HI,34,11,3,0 0 0 1 0,0 0 0 19 0,3,11,True,0
low_noise_HI,HI,35,01,1,0 1 0 0 0,0 20 0 0 0,1,01,True,0
low_noise_HI,HI,36,10,2,0 0 1 0 0,0 0 19 0 0,2,10,True,0
low_noise_HI,HI,37,10,2,0 0 1 0 0,0 0 20 0 0,2,10,True,0
low_noise_HI,HI,38,01,1,0 1 0 0 0,0 26 0 0 0,1,01,True,0
low_noise_HI,HI,39,01,1,0 1 0 0 0,0 21 0 0 0,1,01,True,0
normal_HI,HI,0,00,0,1 0 0 0 0,5 0 0 0 0,0,00,True,0
normal_HI,HI,1,01,1,0 1 0 0 0,0 7 0 0 0,1,01,True,0
normal_HI,HI,2,10,2,0 0 1 0 0,0 0 9 1 0,2,10,True,0
normal_HI,HI,3,10,2,0 0 1 0 0,0 0 4 0 0,2,10,True,0
normal_HI,HI,4,11,3,0 0 0 1 0,0 0 1 8 1,3,11,True,1
normal_HI,HI,5,00,0,1 0 0 0 0,3 0 0 0 0,0,00,True,0
normal_HI,HI,6,11,3,0 0 0 1 0,0 0 0 6 0,3,11,True,0
normal_HI,HI,7,11,3,0 0 0 1 0,0 0 0 5 0,3,11,True,0
normal_HI,HI,8,11,3,0 0 0 1 0,0 0 1 5 0,3,11,True,0
normal_HI,HI,9,11,3,0 0 0 1 0,0 0 0 4 0,3,11,True,0
normal_HI,HI,10,11,3,0 0 0 1 0,0 0 0 2 0,3,11,True,0
normal_HI,HI,11,00,0,1 0 0 0 0,6 0 0 0 0,0,00,True,0
normal_HI,HI,12,00,0,1 0 0 0 0,2 0 0 0 0,0,00,True,0
normal_HI,HI,13,01,1,0 1 0 0 0,0 4 0 0 0,1,01,True,0
normal_HI,HI,14,11,3,0 0 0 1 0,0 0 1 3 0,3,11,True,0
normal_HI,HI,15,01,1,0 1 0 0 0,0 8 0 1 0,1,01,True,0
normal_HI,HI,16,01,1,0 1 0 0 0,0 3 0 0 0,1,01,True,0
normal_HI,HI,17,00,0,1 0 0 0 0,4 0 0 0 0,0,00,True,0
normal_HI,HI,18,10,2,0 0 1 0 0,0 1 3 0 1,2,10,True,1
normal_HI,HI,19,00,0,1 0 0 0 0,5 0 0 0 0,0,00,True,0
normal_HI,HI,20,01,1,0 1 0 0 0,0 2 0 1 0,1,01,True,0
normal_HI,HI,21,00,0,1 0 0 0 0,3 0 0 0 0,0,00,True,0
normal_HI,HI,22,10,2,0 0 1 0 0,0 0 1 0 0,2,10,True,0
normal_HI,HI,23,01,1,0 1 0 0 0,1 0 0 1 1,0,00,False,1
normal_HI,HI,24,11,3,0 0 0 1 0,0 0 0 2 0,3,11,True,0
normal_HI,HI,25,11,3,0 0 0 1 0,0 0 0 5 0,3,11,True,0
normal_HI,HI,26,10,2,0 0 1 0 0,0 0 6 0 0,2,10,True,0
normal_HI,HI,27,00,0,1 0 0 0 0,3 1 0 0 0,0,00,True,0
normal_HI,HI,28,00,0,1 0 0 0 0,3 0 1 0 0,0,00,True,0
normal_HI,HI,29,11,3,0 0 0 1 0,1 0 0 8 0,3,11,True,0
normal_HI,HI,30,11,3,0 0 0 1 0,0 0 0 6 0,3,11,True,0
normal_HI,HI,31,01,1,0 1 0 0 0,1 1 0 0 1,0,00,False,1
normal_HI,HI,32,11,3,0 0 0 1 0,0 0 0 5 0,3,11,True,0
normal_HI,HI,33,11,3,0 0 0 1 0,0 0 0 6 0,3,11,True,0
normal_HI,HI,34,11,3,0 0 0 1 0,0 0 0 4 0,3,11,True,0
normal_HI,HI,35,01,1,0 1 0 0 0,0 1 1 0 0,2,10,False,0
normal_HI,HI,36,10,2,0 0 1 0 0,0 0 1 0 0,2,10,True,0
normal_HI,HI,37,10,2,0 0 1 0 0,0 0 4 0 0,2,10,True,0
normal_HI,HI,38,01,1,0 1 0 0 0,1 5 0 0 0,1,01,True,0
normal_HI,HI,39,01,1,0 1 0 0 0,0 1 0 0 1,1,01,True,1
ideal_coded_HI,HI,0,00,0,1 0 0 0 0,100 0 0 0 0,0,00,True,0
ideal_coded_HI,HI,1,00,0,1 0 0 0 0,100 0 0 0 0,0,00,True,0
ideal_coded_HI,HI,2,00,0,1 0 0 0 0,100 0 0 0 0,0,00,True,0
ideal_coded_HI,HI,3,00,0,1 0 0 0 0,100 0 0 0 0,0,00,True,0
ideal_coded_HI,HI,4,01,1,0 1 0 0 0,0 100 0 0 0,1,01,True,0
ideal_coded_HI,HI,5,11,3,0 0 0 1 0,0 0 0 100 0,3,11,True,0
ideal_coded_HI,HI,6,10,2,0 0 1 0 0,0 0 100 0 0,2,10,True,0
ideal_coded_HI,HI,7,01,1,0 1 0 0 0,0 100 0 0 0,1,01,True,0
ideal_coded_HI,HI,8,00,0,1 0 0 0 0,100 0 0 0 0,0,00,True,0
ideal_coded_HI,HI,9,00,0,1 0 0 0 0,100 0 0 0 0,0,00,True,0
ideal_coded_HI,HI,10,00,0,1 0 0 0 0,100 0 0 0 0,0,00,True,0
ideal_coded_HI,HI,11,11,3,0 0 0 1 0,0 0 0 100 0,3,11,True,0
ideal_coded_HI,HI,12,00,0,1 0 0 0 0,100 0 0 0 0,0,00,True,0
ideal_coded_HI,HI,13,01,1,0 1 0 0 0,0 100 0 0 0,1,01,True,0
ideal_coded_HI,HI,14,00,0,1 0 0 0 0,100 0 0 0 0,0,00,True,0
ideal_coded_HI,HI,15,10,2,0 0 1 0 0,0 0 100 0 0,2,10,True,0
ideal_coded_HI,HI,16,01,1,0 1 0 0 0,0 100 0 0 0,1,01,True,0
ideal_coded_HI,HI,17,11,3,0 0 0 1 0,0 0 0 100 0,3,11,True,0
ideal_coded_HI,HI,18,11,3,0 0 0 1 0,0 0 0 100 0,3,11,True,0
ideal_coded_HI,HI,19,11,3,0 0 0 1 0,0 0 0 100 0,3,11,True,0
ideal_coded_HI,HI,20,00,0,1 0 0 0 0,100 0 0 0 0,0,00,True,0
ideal_coded_HI,HI,21,01,1,0 1 0 0 0,0 100 0 0 0,1,01,True,0
ideal_coded_HI,HI,22,10,2,0 0 1 0 0,0 0 100 0 0,2,10,True,0
ideal_coded_HI,HI,23,11,3,0 0 0 1 0,0 0 0 100 0,3,11,True,0
ideal_coded_HI,HI,24,01,1,0 1 0 0 0,0 100 0 0 0,1,01,True,0
ideal_coded_HI,HI,25,10,2,0 0 1 0 0,0 0 100 0 0,2,10,True,0
ideal_coded_HI,HI,26,11,3,0 0 0 1 0,0 0 0 100 0,3,11,True,0
ideal_coded_HI,HI,27,01,1,0 1 0 0 0,0 100 0 0 0,1,01,True,0
ideal_coded_HI,HI,28,10,2,0 0 1 0 0,0 0 100 0 0,2,10,True,0
ideal_coded_HI,HI,29,11,3,0 0 0 1 0,0 0 0 100 0,3,11,True,0
ideal_coded_HI,HI,30,01,1,0 1 0 0 0,0 100 0 0 0,1,01,True,0
ideal_coded_HI,HI,31,10,2,0 0 1 0 0,0 0 100 0 0,2,10,True,0
ideal_coded_HI,HI,32,11,3,0 0 0 1 0,0 0 0 100 0,3,11,True,0
ideal_coded_HI,HI,33,10,2,0 0 1 0 0,0 0 100 0 0,2,10,True,0
ideal_coded_HI,HI,34,01,1,0 1 0 0 0,0 100 0 0 0,1,01,True,0
ideal_coded_HI,HI,35,11,3,0 0 0 1 0,0 0 0 100 0,3,11,True,0
ideal_coded_HI,HI,36,00,0,1 0 0 0 0,100 0 0 0 0,0,00,True,0
ideal_coded_HI,HI,37,00,0,1 0 0 0 0,100 0 0 0 0,0,00,True,0
ideal_coded_HI,HI,38,00,0,1 0 0 0 0,100 0 0 0 0,0,00,True,0
ideal_coded_HI,HI,39,00,0,1 0 0 0 0,100 0 0 0 0,0,00,True,0
ideal_coded_HI,HI,40,01,1,0 1 0 0 0,0 100 0 0 0,1,01,True,0
ideal_coded_HI,HI,41,11,3,0 0 0 1 0,0 0 0 100 0,3,11,True,0
ideal_coded_HI,HI,42,10,2,0 0 1 0 0,0 0 100 0 0,2,10,True,0
ideal_coded_HI,HI,43,00,0,1 0 0 0 0,100 0 0 0 0,0,00,True,0
ideal_coded_HI,HI,44,11,3,0 0 0 1 0,0 0 0 100 0,3,11,True,0
ideal_coded_HI,HI,45,10,2,0 0 1 0 0,0 0 100 0 0,2,10,True,0
ideal_coded_HI,HI,46,00,0,1 0 0 0 0,100 0 0 0 0,0,00,True,0
ideal_coded_HI,HI,47,00,0,1 0 0 0 0,100 0 0 0 0,0,00,True,0
ideal_coded_HI,HI,48,01,1,0 1 0 0 0,0 100 0 0 0,1,01,True,0
ideal_coded_HI,HI,49,10,2,0 0 1 0 0,0 0 100 0 0,2,10,True,0
ideal_coded_HI,HI,50,00,0,1 0 0 0 0,100 0 0 0 0,0,00,True,0
ideal_coded_HI,HI,51,01,1,0 1 0 0 0,0 100 0 0 0,1,01,True,0
ideal_coded_HI,HI,52,11,3,0 0 0 1 0,0 0 0 100 0,3,11,True,0
ideal_coded_HI,HI,53,11,3,0 0 0 1 0,0 0 0 100 0,3,11,True,0
ideal_coded_HI,HI,54,11,3,0 0 0 1 0,0 0 0 100 0,3,11,True,0
ideal_coded_HI,HI,55,10,2,0 0 1 0 0,0 0 100 0 0,2,10,True,0
ideal_coded_HI,HI,56,11,3,0 0 0 1 0,0 0 0 100 0,3,11,True,0
ideal_coded_HI,HI,57,11,3,0 0 0 1 0,0 0 0 100 0,3,11,True,0
ideal_coded_HI,HI,58,10,2,0 0 1 0 0,0 0 100 0 0,2,10,True,0
ideal_coded_HI,HI,59,00,0,1 0 0 0 0,100 0 0 0 0,0,00,True,0
ideal_coded_HI,HI,60,00,0,1 0 0 0 0,100 0 0 0 0,0,00,True,0
ideal_coded_HI,HI,61,01,1,0 1 0 0 0,0 100 0 0 0,1,01,True,0
ideal_coded_HI,HI,62,11,3,0 0 0 1 0,0 0 0 100 0,3,11,True,0
ideal_coded_HI,HI,63,01,1,0 1 0 0 0,0 100 0 0 0,1,01,True,0
ideal_coded_HI,HI,64,11,3,0 0 0 1 0,0 0 0 100 0,3,11,True,0
ideal_coded_HI,HI,65,11,3,0 0 0 1 0,0 0 0 100 0,3,11,True,0
ideal_coded_HI,HI,66,11,3,0 0 0 1 0,0 0 0 100 0,3,11,True,0
ideal_coded_HI,HI,67,10,2,0 0 1 0 0,0 0 100 0 0,2,10,True,0
ideal_coded_HI,HI,68,11,3,0 0 0 1 0,0 0 0 100 0,3,11,True,0
ideal_coded_HI,HI,69,11,3,0 0 0 1 0,0 0 0 100 0,3,11,True,0
ideal_coded_HI,HI,70,11,3,0 0 0 1 0,0 0 0 100 0,3,11,True,0
ideal_coded_HI,HI,71,11,3,0 0 0 1 0,0 0 0 100 0,3,11,True,0
ideal_coded_HI,HI,72,10,2,0 0 1 0 0,0 0 100 0 0,2,10,True,0
ideal_coded_HI,HI,73,00,0,1 0 0 0 0,100 0 0 0 0,0,00,True,0
ideal_coded_HI,HI,74,11,3,0 0 0 1 0,0 0 0 100 0,3,11,True,0
ideal_coded_HI,HI,75,01,1,0 1 0 0 0,0 100 0 0 0,1,01,True,0
ideal_coded_HI,HI,76,10,2,0 0 1 0 0,0 0 100 0 0,2,10,True,0
ideal_coded_HI,HI,77,11,3,0 0 0 1 0,0 0 0 100 0,3,11,True,0
ideal_coded_HI,HI,78,01,1,0 1 0 0 0,0 100 0 0 0,1,01,True,0
ideal_coded_HI,HI,79,11,3,0 0 0 1 0,0 0 0 100 0,3,11,True,0
ideal_coded_HI,HI,80,00,0,1 0 0 0 0,100 0 0 0 0,0,00,True,0
ideal_coded_HI,HI,81,11,3,0 0 0 1 0,0 0 0 100 0,3,11,True,0
ideal_coded_HI,HI,82,10,2,0 0 1 0 0,0 0 100 0 0,2,10,True,0
ideal_coded_HI,HI,83,00,0,1 0 0 0 0,100 0 0 0 0,0,00,True,0
ideal_coded_HI,HI,84,00,0,1 0 0 0 0,100 0 0 0 0,0,00,True,0
ideal_coded_HI,HI,85,00,0,1 0 0 0 0,100 0 0 0 0,0,00,True,0
ideal_coded_HI,HI,86,00,0,1 0 0 0 0,100 0 0 0 0,0,00,True,0
ideal_coded_HI,HI,87,11,3,0 0 0 1 0,0 0 0 100 0,3,11,True,0
ideal_coded_HI,HI,88,11,3,0 0 0 1 0,0 0 0 100 0,3,11,True,0
ideal_coded_HI,HI,89,00,0,1 0 0 0 0,100 0 0 0 0,0,00,True,0
ideal_coded_HI,HI,90,01,1,0 1 0 0 0,0 100 0 0 0,1,01,True,0
ideal_coded_HI,HI,91,10,2,0 0 1 0 0,0 0 100 0 0,2,10,True,0
ideal_coded_HI,HI,92,11,3,0 0 0 1 0,0 0 0 100 0,3,11,True,0
ideal_coded_HI,HI,93,10,2,0 0 1 0 0,0 0 100 0 0,2,10,True,0
ideal_coded_HI,HI,94,00,0,1 0 0 0 0,100 0 0 0 0,0,00,True,0
ideal_coded_HI,HI,95,00,0,1 0 0 0 0,100 0 0 0 0,0,00,True,0
ideal_coded_HI,HI,96,10,2,0 0 1 0 0,0 0 100 0 0,2,10,True,0
ideal_coded_HI,HI,97,00,0,1 0 0 0 0,100 0 0 0 0,0,00,True,0
ideal_coded_HI,HI,98,11,3,0 0 0 1 0,0 0 0 100 0,3,11,True,0
ideal_coded_HI,HI,99,01,1,0 1 0 0 0,0 100 0 0 0,1,01,True,0
ideal_coded_HI,HI,100,10,2,0 0 1 0 0,0 0 100 0 0,2,10,True,0
ideal_coded_HI,HI,101,11,3,0 0 0 1 0,0 0 0 100 0,3,11,True,0
ideal_coded_HI,HI,102,01,1,0 1 0 0 0,0 100 0 0 0,1,01,True,0
ideal_coded_HI,HI,103,10,2,0 0 1 0 0,0 0 100 0 0,2,10,True,0
ideal_coded_HI,HI,104,11,3,0 0 0 1 0,0 0 0 100 0,3,11,True,0
ideal_coded_HI,HI,105,10,2,0 0 1 0 0,0 0 100 0 0,2,10,True,0
ideal_coded_HI,HI,106,00,0,1 0 0 0 0,100 0 0 0 0,0,00,True,0
ideal_coded_HI,HI,107,00,0,1 0 0 0 0,100 0 0 0 0,0,00,True,0
ideal_coded_HI,HI,108,10,2,0 0 1 0 0,0 0 100 0 0,2,10,True,0
ideal_coded_HI,HI,109,01,1,0 1 0 0 0,0 100 0 0 0,1,01,True,0
ideal_coded_HI,HI,110,00,0,1 0 0 0 0,100 0 0 0 0,0,00,True,0
ideal_coded_HI,HI,111,00,0,1 0 0 0 0,100 0 0 0 0,0,00,True,0
ideal_coded_HI,HI,112,00,0,1 0 0 0 0,100 0 0 0 0,0,00,True,0
ideal_coded_HI,HI,113,11,3,0 0 0 1 0,0 0 0 100 0,3,11,True,0
ideal_coded_HI,HI,114,11,3,0 0 0 1 0,0 0 0 100 0,3,11,True,0
ideal_coded_HI,HI,115,11,3,0 0 0 1 0,0 0 0 100 0,3,11,True,0
ideal_coded_HI,HI,116,11,3,0 0 0 1 0,0 0 0 100 0,3,11,True,0
ideal_coded_HI,HI,117,01,1,0 1 0 0 0,0 100 0 0 0,1,01,True,0
ideal_coded_HI,HI,118,10,2,0 0 1 0 0,0 0 100 0 0,2,10,True,0
ideal_coded_HI,HI,119,00,0,1 0 0 0 0,100 0 0 0 0,0,00,True,0
ideal_coded_HI,HI,120,01,1,0 1 0 0 0,0 100 0 0 0,1,01,True,0
ideal_coded_HI,HI,121,11,3,0 0 0 1 0,0 0 0 100 0,3,11,True,0
ideal_coded_HI,HI,122,11,3,0 0 0 1 0,0 0 0 100 0,3,11,True,0
normal_coded_HI,HI,0,00,0,1 0 0 0 0,5 0 0 0 0,0,00,True,0
normal_coded_HI,HI,1,00,0,1 0 0 0 0,3 0 0 1 0,0,00,True,0
normal_coded_HI,HI,2,00,0,1 0 0 0 0,2 0 0 0 0,0,00,True,0
normal_coded_HI,HI,3,00,0,1 0 0 0 0,9 0 0 0 0,0,00,True,0
normal_coded_HI,HI,4,01,1,0 1 0 0 0,0 2 0 0 0,1,01,True,0
normal_coded_HI,HI,5,11,3,0 0 0 1 0,0 1 0 7 1,3,11,True,1
normal_coded_HI,HI,6,10,2,0 0 1 0 0,0 0 2 0 0,2,10,True,0
normal_coded_HI,HI,7,01,1,0 1 0 0 0,0 6 0 0 0,1,01,True,0
normal_coded_HI,HI,8,00,0,1 0 0 0 0,0 0 0 0 0,1,01,False,0
normal_coded_HI,HI,9,00,0,1 0 0 0 0,6 0 1 0 0,0,00,True,0
normal_coded_HI,HI,10,00,0,1 0 0 0 0,4 0 0 0 0,0,00,True,0
normal_coded_HI,HI,11,11,3,0 0 0 1 0,0 0 0 4 0,3,11,True,0
normal_coded_HI,HI,12,00,0,1 0 0 0 0,6 0 0 0 0,0,00,True,0
normal_coded_HI,HI,13,01,1,0 1 0 0 0,0 2 1 0 0,1,01,True,0
normal_coded_HI,HI,14,00,0,1 0 0 0 0,5 0 0 0 0,0,00,True,0
normal_coded_HI,HI,15,10,2,0 0 1 0 0,0 0 5 0 0,2,10,True,0
normal_coded_HI,HI,16,01,1,0 1 0 0 0,0 8 0 1 0,1,01,True,0
normal_coded_HI,HI,17,11,3,0 0 0 1 0,0 0 0 5 1,3,11,True,1
normal_coded_HI,HI,18,11,3,0 0 0 1 0,0 0 0 2 0,3,11,True,0
normal_coded_HI,HI,19,11,3,0 0 0 1 0,1 0 1 3 0,3,11,True,0
normal_coded_HI,HI,20,00,0,1 0 0 0 0,4 0 0 0 0,0,00,True,0
normal_coded_HI,HI,21,01,1,0 1 0 0 0,0 2 0 1 0,1,01,True,0
normal_coded_HI,HI,22,10,2,0 0 1 0 0,1 0 1 0 0,2,10,True,0
normal_coded_HI,HI,23,11,3,0 0 0 1 0,0 0 0 1 0,3,11,True,0
normal_coded_HI,HI,24,01,1,0 1 0 0 0,0 2 0 1 1,1,01,True,1
normal_coded_HI,HI,25,10,2,0 0 1 0 0,0 0 3 0 0,2,10,True,0
normal_coded_HI,HI,26,11,3,0 0 0 1 0,0 0 0 4 0,3,11,True,0
normal_coded_HI,HI,27,01,1,0 1 0 0 0,0 5 0 0 0,1,01,True,0
normal_coded_HI,HI,28,10,2,0 0 1 0 0,0 0 2 1 0,2,10,True,0
normal_coded_HI,HI,29,11,3,0 0 0 1 0,0 0 0 2 0,3,11,True,0
normal_coded_HI,HI,30,01,1,0 1 0 0 0,1 4 0 0 1,1,01,True,1
normal_coded_HI,HI,31,10,2,0 0 1 0 0,0 1 2 0 0,2,10,True,0
normal_coded_HI,HI,32,11,3,0 0 0 1 0,0 0 0 6 1,3,11,True,1
normal_coded_HI,HI,33,10,2,0 0 1 0 0,0 0 5 0 0,2,10,True,0
normal_coded_HI,HI,34,01,1,0 1 0 0 0,0 3 0 0 0,1,01,True,0
normal_coded_HI,HI,35,11,3,0 0 0 1 0,0 0 0 6 0,3,11,True,0
normal_coded_HI,HI,36,00,0,1 0 0 0 0,5 0 0 0 0,0,00,True,0
normal_coded_HI,HI,37,00,0,1 0 0 0 0,6 0 0 0 0,0,00,True,0
normal_coded_HI,HI,38,00,0,1 0 0 0 0,5 0 0 1 1,0,00,True,1
normal_coded_HI,HI,39,00,0,1 0 0 0 0,4 0 0 0 1,0,00,True,1
normal_coded_HI,HI,40,01,1,0 1 0 0 0,0 5 0 0 0,1,01,True,0
normal_coded_HI,HI,41,11,3,0 0 0 1 0,0 0 0 5 0,3,11,True,0
normal_coded_HI,HI,42,10,2,0 0 1 0 0,0 0 5 0 0,2,10,True,0
normal_coded_HI,HI,43,00,0,1 0 0 0 0,5 0 0 0 0,0,00,True,0
normal_coded_HI,HI,44,11,3,0 0 0 1 0,0 0 0 10 0,3,11,True,0
normal_coded_HI,HI,45,10,2,0 0 1 0 0,0 0 4 0 0,2,10,True,0
normal_coded_HI,HI,46,00,0,1 0 0 0 0,8 0 1 0 0,0,00,True,0
normal_coded_HI,HI,47,00,0,1 0 0 0 0,6 0 0 0 0,0,00,True,0
normal_coded_HI,HI,48,01,1,0 1 0 0 0,1 2 0 0 0,1,01,True,0
normal_coded_HI,HI,49,10,2,0 0 1 0 0,0 0 5 0 0,2,10,True,0
normal_coded_HI,HI,50,00,0,1 0 0 0 0,7 0 1 0 0,0,00,True,0
normal_coded_HI,HI,51,01,1,0 1 0 0 0,1 1 0 0 0,0,00,False,0
normal_coded_HI,HI,52,11,3,0 0 0 1 0,0 0 0 3 0,3,11,True,0
normal_coded_HI,HI,53,11,3,0 0 0 1 0,0 0 0 2 0,3,11,True,0
normal_coded_HI,HI,54,11,3,0 0 0 1 0,0 0 0 3 0,3,11,True,0
normal_coded_HI,HI,55,10,2,0 0 1 0 0,0 0 3 0 1,2,10,True,1
normal_coded_HI,HI,56,11,3,0 0 0 1 0,0 0 0 6 0,3,11,True,0
normal_coded_HI,HI,57,11,3,0 0 0 1 0,0 0 0 5 1,3,11,True,1
normal_coded_HI,HI,58,10,2,0 0 1 0 0,1 0 2 0 0,2,10,True,0
normal_coded_HI,HI,59,00,0,1 0 0 0 0,1 0 0 0 2,0,00,True,2
normal_coded_HI,HI,60,00,0,1 0 0 0 0,5 0 0 0 0,0,00,True,0
normal_coded_HI,HI,61,01,1,0 1 0 0 0,0 6 0 0 0,1,01,True,0
normal_coded_HI,HI,62,11,3,0 0 0 1 0,0 0 0 3 0,3,11,True,0
normal_coded_HI,HI,63,01,1,0 1 0 0 0,0 5 0 2 0,1,01,True,0
normal_coded_HI,HI,64,11,3,0 0 0 1 0,0 0 0 5 0,3,11,True,0
normal_coded_HI,HI,65,11,3,0 0 0 1 0,0 1 0 2 0,3,11,True,0
normal_coded_HI,HI,66,11,3,0 0 0 1 0,0 0 0 8 0,3,11,True,0
normal_coded_HI,HI,67,10,2,0 0 1 0 0,0 0 5 0 0,2,10,True,0
normal_coded_HI,HI,68,11,3,0 0 0 1 0,0 1 0 3 0,3,11,True,0
normal_coded_HI,HI,69,11,3,0 0 0 1 0,0 0 1 4 0,3,11,True,0
normal_coded_HI,HI,70,11,3,0 0 0 1 0,0 0 0 2 0,3,11,True,0
normal_coded_HI,HI,71,11,3,0 0 0 1 0,0 0 0 8 0,3,11,True,0
normal_coded_HI,HI,72,10,2,0 0 1 0 0,0 0 5 0 0,2,10,True,0
normal_coded_HI,HI,73,00,0,1 0 0 0 0,8 0 0 1 0,0,00,True,0
normal_coded_HI,HI,74,11,3,0 0 0 1 0,0 0 0 5 0,3,11,True,0
normal_coded_HI,HI,75,01,1,0 1 0 0 0,0 7 0 0 0,1,01,True,0
normal_coded_HI,HI,76,10,2,0 0 1 0 0,0 0 5 0 0,2,10,True,0
normal_coded_HI,HI,77,11,3,0 0 0 1 0,0 0 0 8 0,3,11,True,0
normal_coded_HI,HI,78,01,1,0 1 0 0 0,0 3 0 0 0,1,01,True,0
normal_coded_HI,HI,79,11,3,0 0 0 1 0,0 0 0 4 0,3,11,True,0
normal_coded_HI,HI,80,00,0,1 0 0 0 0,3 0 0 0 0,0,00,True,0
normal_coded_HI,HI,81,11,3,0 0 0 1 0,0 0 0 5 0,3,11,True,0
normal_coded_HI,HI,82,10,2,0 0 1 0 0,0 0 2 0 0,2,10,True,0
normal_coded_HI,HI,83,00,0,1 0 0 0 0,2 0 0 0 2,0,00,True,2
normal_coded_HI,HI,84,00,0,1 0 0 0 0,5 1 0 0 0,0,00,True,0
normal_coded_HI,HI,85,00,0,1 0 0 0 0,3 1 1 0 0,0,00,True,0
normal_coded_HI,HI,86,00,0,1 0 0 0 0,2 0 0 0 0,0,00,True,0
normal_coded_HI,HI,87,11,3,0 0 0 1 0,0 0 0 3 0,3,11,True,0
normal_coded_HI,HI,88,11,3,0 0 0 1 0,0 0 0 2 0,3,11,True,0
normal_coded_HI,HI,89,00,0,1 0 0 0 0,2 0 0 0 0,0,00,True,0
normal_coded_HI,HI,90,01,1,0 1 0 0 0,0 4 0 0 0,1,01,True,0
normal_coded_HI,HI,91,10,2,0 0 1 0 0,0 0 5 0 0,2,10,True,0
normal_coded_HI,HI,92,11,3,0 0 0 1 0,0 0 0 4 1,3,11,True,1
normal_coded_HI,HI,93,10,2,0 0 1 0 0,0 0 6 0 0,2,10,True,0
normal_coded_HI,HI,94,00,0,1 0 0 0 0,4 0 1 0 0,0,00,True,0
normal_coded_HI,HI,95,00,0,1 0 0 0 0,5 1 0 0 0,0,00,True,0
normal_coded_HI,HI,96,10,2,0 0 1 0 0,0 0 5 0 0,2,10,True,0
normal_coded_HI,HI,97,00,0,1 0 0 0 0,1 0 0 0 0,0,00,True,0
normal_coded_HI,HI,98,11,3,0 0 0 1 0,0 0 1 6 0,3,11,True,0
normal_coded_HI,HI,99,01,1,0 1 0 0 0,0 6 0 0 0,1,01,True,0
normal_coded_HI,HI,100,10,2,0 0 1 0 0,0 0 5 0 0,2,10,True,0
normal_coded_HI,HI,101,11,3,0 0 0 1 0,0 0 0 2 0,3,11,True,0
normal_coded_HI,HI,102,01,1,0 1 0 0 0,0 5 0 0 0,1,01,True,0
normal_coded_HI,HI,103,10,2,0 0 1 0 0,0 0 3 0 0,2,10,True,0
normal_coded_HI,HI,104,11,3,0 0 0 1 0,0 1 0 3 0,3,11,True,0
normal_coded_HI,HI,105,10,2,0 0 1 0 0,0 0 8 0 0,2,10,True,0
normal_coded_HI,HI,106,00,0,1 0 0 0 0,2 0 0 0 0,0,00,True,0
normal_coded_HI,HI,107,00,0,1 0 0 0 0,4 0 0 0 1,0,00,True,1
normal_coded_HI,HI,108,10,2,0 0 1 0 0,0 1 6 0 0,2,10,True,0
normal_coded_HI,HI,109,01,1,0 1 0 0 0,0 2 0 0 0,1,01,True,0
normal_coded_HI,HI,110,00,0,1 0 0 0 0,5 0 0 0 0,0,00,True,0
normal_coded_HI,HI,111,00,0,1 0 0 0 0,2 0 0 0 0,0,00,True,0
normal_coded_HI,HI,112,00,0,1 0 0 0 0,6 0 1 0 0,0,00,True,0
normal_coded_HI,HI,113,11,3,0 0 0 1 0,0 0 1 4 0,3,11,True,0
normal_coded_HI,HI,114,11,3,0 0 0 1 0,1 0 0 3 0,3,11,True,0
normal_coded_HI,HI,115,11,3,0 0 0 1 0,0 0 0 5 0,3,11,True,0
normal_coded_HI,HI,116,11,3,0 0 0 1 0,0 0 0 3 0,3,11,True,0
normal_coded_HI,HI,117,01,1,0 1 0 0 0,0 5 0 0 0,1,01,True,0
normal_coded_HI,HI,118,10,2,0 0 1 0 0,0 0 3 0 0,2,10,True,0
normal_coded_HI,HI,119,00,0,1 0 0 0 0,3 0 0 0 0,0,00,True,0
normal_coded_HI,HI,120,01,1,0 1 0 0 0,0 4 1 0 0,1,01,True,0
normal_coded_HI,HI,121,11,3,0 0 0 1 0,1 1 0 7 0,3,11,True,0
normal_coded_HI,HI,122,11,3,0 0 0 1 0,1 0 0 1 1,3,11,True,1
