signal_photons,background_photons,sigma_ln,frames,payload_bits,payload_bit_errors,payload_symbols,payload_symbol_errors,payload_frame_errors,crc_failures,undetected_payload_errors,ber,ser,fer,crc_failure_rate,undetected_payload_error_rate,zero_error_95pct_upper_bound,model,coding,ber_ci95_low,ber_ci95_high,count_snr_linear,count_snr_db,coded_bits,pre_decoder_bit_errors,pre_decoder_ber
0.1,0.1,0.0,50000,800000,368272,400000,276142,50000,50000,0,0.46034,0.690355,1.0,1.0,0.0,,Poisson only,uncoded,0.45924799204784966,0.46143238883096355,0.03333333333333333,-14.771212547196624,,,
0.2,0.1,0.0,50000,800000,338885,400000,254522,49987,50000,0,0.42360625,0.636305,0.99974,1.0,0.0,,Poisson only,uncoded,0.42252383018191714,0.424689403473172,0.10000000000000002,-9.999999999999998,,,
0.4,0.1,0.0,50000,800000,286334,400000,214594,49884,50000,0,0.3579175,0.536485,0.99768,1.0,0.0,,Poisson only,uncoded,0.3568676992490628,0.3589686652545673,0.26666666666666666,-5.740312677277188,,,
0.7,0.1,0.0,50000,800000,222842,400000,167096,49295,50000,0,0.2785525,0.41774,0.9859,1.0,0.0,,Poisson only,uncoded,0.27757123154053126,0.2795358951528872,0.5444444444444444,-2.6404642941081127,,,
1.0,0.1,0.0,50000,800000,172932,400000,129633,47829,49992,0,0.216165,0.3240825,0.95658,0.99984,0.0,,Poisson only,uncoded,0.21526436078484135,0.21706836505323057,0.8333333333333334,-0.791812460476248,,,
1.5,0.1,0.0,50000,800000,113354,400000,85074,42653,49857,0,0.1416925,0.212685,0.85306,0.99714,0.0,,Poisson only,uncoded,0.1409300363446168,0.1424584046976259,1.3235294117647058,1.2173359673308854,,,
2.0,0.1,0.0,50000,800000,73843,400000,55286,34761,48559,0,0.09230375,0.138215,0.69522,0.97118,0.0,,Poisson only,uncoded,0.09167142322277423,0.09293999212931424,1.8181818181818181,2.596373105057561,,,
3.0,0.1,0.0,50000,800000,31244,400000,23485,19177,37971,0,0.039055,0.0587125,0.38354,0.75942,0.0,,Poisson only,uncoded,0.03863269591807439,0.03948173081375948,2.8125,4.4909253111941885,,,
5.0,0.1,0.0,50000,800000,5447,400000,4085,3953,10696,0,0.00680875,0.0102125,0.07906,0.21392,0.0,,Poisson only,uncoded,0.0066309037218080236,0.006991332690142566,4.8076923076923075,6.819366650372384,,,
8.0,0.1,0.0,50000,800000,328,400000,245,242,743,0,0.00041,0.0006125,0.00484,0.01486,0.0,,Poisson only,uncoded,0.0003679727468552664,0.00045682511613681854,7.8048780487804885,8.923661216001705,,,
12.0,0.1,0.0,50000,800000,13,400000,10,10,32,0,1.625e-05,2.5e-05,0.0002,0.00064,0.0,,Poisson only,uncoded,9.497028625422175e-06,2.780461578453179e-05,11.80327868852459,10.720026614205015,,,
20.0,0.1,0.0,50000,800000,0,400000,0,0,0,0,0.0,0.0,0.0,0.0,0.0,3.75e-06,Poisson only,uncoded,0.0,4.8018004684692e-06,19.801980198019802,12.967086218813385,,,
0.1,0.1,0.4,50000,800000,367950,400000,276129,49998,50000,0,0.4599375,0.6903225,0.99996,1.0,0.0,,Poisson + log-normal turbulence,uncoded,0.45884556451990177,0.4610298202243608,0.03333333333333333,-14.771212547196624,,,
0.2,0.1,0.4,50000,800000,339869,400000,254720,49978,50000,0,0.42483625,0.6368,0.99956,1.0,0.0,,Poisson + log-normal turbulence,uncoded,0.42375341101052566,0.42591981083213437,0.10000000000000002,-9.999999999999998,,,
0.4,0.1,0.4,50000,800000,289369,400000,216913,49806,50000,0,0.36171125,0.5422825,0.99612,1.0,0.0,,Poisson + log-normal turbulence,uncoded,0.36065900283735564,0.36276482523261344,0.26666666666666666,-5.740312677277188,,,
0.7,0.1,0.4,50000,800000,228502,400000,171494,48862,49985,0,0.2856275,0.428735,0.97724,0.9997,0.0,,Poisson + log-normal turbulence,uncoded,0.28463869014200166,0.2866183686059402,0.5444444444444444,-2.6404642941081127,,,
1.0,0.1,0.4,50000,800000,182543,400000,136820,46768,49805,0,0.22817875,0.34205,0.93536,0.9961,0.0,,Poisson + log-normal turbulence,uncoded,0.22726045630331812,0.22909965415949304,0.8333333333333334,-0.791812460476248,,,
1.5,0.1,0.4,50000,800000,125949,400000,94422,41155,48691,0,0.15743625,0.236055,0.8231,0.97382,0.0,,Poisson + log-normal turbulence,uncoded,0.156639795988717,0.15823599385683343,1.3235294117647058,1.2173359673308854,,,
2.0,0.1,0.4,50000,800000,89783,400000,67402,34783,45852,0,0.11222875,0.168505,0.69566,0.91704,0.0,,Poisson + log-normal turbulence,uncoded,0.1115389303893285,0.1129222936110113,1.8181818181818181,2.596373105057561,,,
3.0,0.1,0.4,50000,800000,46230,400000,34650,22432,36447,0,0.0577875,0.086625,0.44864,0.72894,0.0,,Poisson + log-normal turbulence,uncoded,0.05727829823174996,0.05830094860062936,2.8125,4.4909253111941885,,,
5.0,0.1,0.4,50000,800000,14653,400000,10974,8796,18054,0,0.01831625,0.027435,0.17592,0.36108,0.0,,Poisson + log-normal turbulence,uncoded,0.018024717078999265,0.018612408819513534,4.8076923076923075,6.819366650372384,,,
8.0,0.1,0.4,50000,800000,3152,400000,2371,2113,5134,0,0.00394,0.0059275,0.04226,0.10268,0.0,,Poisson + log-normal turbulence,uncoded,0.003805085854282529,0.004079678107998248,7.8048780487804885,8.923661216001705,,,
12.0,0.1,0.4,50000,800000,549,400000,405,389,1077,0,0.00068625,0.0010125,0.00778,0.02154,0.0,,Poisson + log-normal turbulence,uncoded,0.0006312130968541194,0.000746082113143207,11.80327868852459,10.720026614205015,,,
20.0,0.1,0.4,50000,800000,45,400000,33,32,64,0,5.625e-05,8.25e-05,0.00064,0.00128,0.0,,Poisson + log-normal turbulence,uncoded,4.204192433780777e-05,7.525933592810873e-05,19.801980198019802,12.967086218813385,,,
0.1,0.1,0.0,50000,800000,392870,,,49994,50000,0,0.4910875,,0.99988,1.0,0.0,,Poisson only,convolutional-r1-3,0.4899920663247417,0.49218301926735164,0.03333333333333333,-14.771212547196624,12300000,5658577,0.4600469105691057
0.2,0.1,0.0,50000,800000,385264,,,49981,50000,0,0.48158,,0.99962,1.0,0.0,,Poisson only,convolutional-r1-3,0.4804851816534381,0.4826749952448911,0.10000000000000002,-9.999999999999998,12300000,5208177,0.4234290243902439
0.4,0.1,0.0,50000,800000,357473,,,49758,50000,0,0.44684125,,0.99516,1.0,0.0,,Poisson only,convolutional-r1-3,0.44575206457486116,0.44793094594056015,0.26666666666666666,-5.740312677277188,12300000,4408386,0.35840536585365856
0.7,0.1,0.0,50000,800000,291063,,,47742,49990,0,0.36382875,,0.95484,0.9998,0.0,,Poisson only,convolutional-r1-3,0.3627751682983789,0.3648836394359652,0.5444444444444444,-2.6404642941081127,12300000,3424326,0.278400487804878
1.0,0.1,0.0,50000,800000,207419,,,41834,49559,0,0.25927375,,0.83668,0.99118,0.0,,Poisson only,convolutional-r1-3,0.2583145979969375,0.26023521384190257,0.8333333333333334,-0.791812460476248,12300000,2655076,0.21585983739837397
1.5,0.1,0.0,50000,800000,87929,,,24472,41357,0,0.10991125,,0.48944,0.82714,0.0,,Poisson only,convolutional-r1-3,0.10922772737987756,0.11059851887680743,1.3235294117647058,1.2173359673308854,12300000,1739943,0.14145878048780489
2.0,0.1,0.0,50000,800000,28978,,,10404,23073,0,0.0362225,,0.20808,0.46146,0.0,,Poisson only,convolutional-r1-3,0.035815290914767525,0.036634163019266,1.8181818181818181,2.596373105057561,12300000,1131711,0.0920090243902439
3.0,0.1,0.0,50000,800000,2857,,,1404,3682,0,0.00357125,,0.02808,0.07364,0.0,,Poisson only,convolutional-r1-3,0.0034428940452675347,0.0037043734583410886,2.8125,4.4909253111941885,12300000,474928,0.038612032520325204
5.0,0.1,0.0,50000,800000,32,,,24,63,0,4e-05,,0.00048,0.00126,0.0,,Poisson only,convolutional-r1-3,2.833558336582147e-05,5.646583295861025e-05,4.8076923076923075,6.819366650372384,12300000,80745,0.006564634146341463
8.0,0.1,0.0,50000,800000,0,,,0,0,0,0.0,,0.0,0.0,0.0,3.75e-06,Poisson only,convolutional-r1-3,0.0,4.8018004684692e-06,7.8048780487804885,8.923661216001705,12300000,5352,0.0004351219512195122
12.0,0.1,0.0,50000,800000,0,,,0,0,0,0.0,,0.0,0.0,0.0,3.75e-06,Poisson only,convolutional-r1-3,0.0,4.8018004684692e-06,11.80327868852459,10.720026614205015,12300000,132,1.073170731707317e-05
20.0,0.1,0.0,50000,800000,0,,,0,0,0,0.0,,0.0,0.0,0.0,3.75e-06,Poisson only,convolutional-r1-3,0.0,4.8018004684692e-06,19.801980198019802,12.967086218813385,12300000,0,0.0
0.1,0.1,0.4,50000,800000,393363,,,49991,50000,0,0.49170375,,0.99982,1.0,0.0,,Poisson + log-normal turbulence,convolutional-r1-3,0.4906082901237858,0.49279928955008845,0.03333333333333333,-14.771212547196624,12300000,5660274,0.4601848780487805
0.2,0.1,0.4,50000,800000,384528,,,49966,50000,0,0.48066,,0.99932,1.0,0.0,,Poisson + log-normal turbulence,convolutional-r1-3,0.47956526224913526,0.4817549234845068,0.10000000000000002,-9.999999999999998,12300000,5220152,0.4244026016260163
0.4,0.1,0.4,50000,800000,352481,,,49382,49981,0,0.44060125,,0.98764,0.99962,0.0,,Poisson + log-normal turbulence,convolutional-r1-3,0.43951364348422395,0.4416894269576672,0.26666666666666666,-5.740312677277188,12300000,4447787,0.36160869918699184
0.7,0.1,0.4,50000,800000,285671,,,46062,49395,0,0.35708875,,0.92124,0.9879,0.0,,Poisson + log-normal turbulence,convolutional-r1-3,0.35603949317850403,0.35813937928411044,0.5444444444444444,-2.6404642941081127,12300000,3515163,0.28578560975609757
1.0,0.1,0.4,50000,800000,216562,,,39581,46810,0,0.2707025,,0.79162,0.9362,0.0,,Poisson + log-normal turbulence,convolutional-r1-3,0.2697299556142481,0.2716772464674378,0.8333333333333334,-0.791812460476248,12300000,2798742,0.22754
1.5,0.1,0.4,50000,800000,123182,,,27051,37904,0,0.1539775,,0.54102,0.75808,0.0,,Poisson + log-normal turbulence,convolutional-r1-3,0.15318825966195995,0.1547700634000452,1.3235294117647058,1.2173359673308854,12300000,1950732,0.15859609756097562
2.0,0.1,0.4,50000,800000,68021,,,17039,27413,0,0.08502625,,0.34078,0.54826,0.0,,Poisson + log-normal turbulence,convolutional-r1-3,0.08441704002143638,0.0856394452208579,1.8181818181818181,2.596373105057561,12300000,1375911,0.11186268292682927
3.0,0.1,0.4,50000,800000,20382,,,6290,12086,0,0.0254775,,0.1258,0.24172,0.0,,Poisson + log-normal turbulence,convolutional-r1-3,0.025134487091048534,0.02582507003367706,2.8125,4.4909253111941885,12300000,710685,0.05777926829268293
5.0,0.1,0.4,50000,800000,2248,,,848,2076,0,0.00281,,0.01696,0.04152,0.0,,Poisson + log-normal turbulence,convolutional-r1-3,0.002696366531757008,0.0029284082825928284,4.8076923076923075,6.819366650372384,12300000,220879,0.017957642276422763
8.0,0.1,0.4,50000,800000,145,,,70,181,0,0.00018125,,0.0014,0.00362,0.0,,Poisson + log-normal turbulence,convolutional-r1-3,0.0001540539367228076,0.00021324612309299172,7.8048780487804885,8.923661216001705,12300000,48611,0.003952113821138211
12.0,0.1,0.4,50000,800000,10,,,7,12,0,1.25e-05,,0.00014,0.00024,0.0,,Poisson + log-normal turbulence,convolutional-r1-3,6.789996279264284e-06,2.3011684144193202e-05,11.80327868852459,10.720026614205015,12300000,8246,0.0006704065040650407
20.0,0.1,0.4,50000,800000,0,,,0,0,0,0.0,,0.0,0.0,0.0,3.75e-06,Poisson + log-normal turbulence,convolutional-r1-3,0.0,4.8018004684692e-06,19.801980198019802,12.967086218813385,12300000,536,4.3577235772357726e-05
