signal_photons,background_photons,simulation_ber,theoretical_ber,absolute_difference
0.1,0.1,0.46034,0.46014493908375514,0.00019506091624488242
0.2,0.1,0.42360625,0.4233832718079616,0.0002229781920384255
0.4,0.1,0.3579175,0.3582318457651841,0.0003143457651840764
0.7,0.1,0.2785525,0.2784345408271161,0.0001179591728838747
1.0,0.1,0.216165,0.2160851459752931,7.985402470689351e-05
1.5,0.1,0.1416925,0.14118701130520672,0.0005054886947932768
2.0,0.1,0.09230375,0.09193065194430483,0.00037309805569517296
3.0,0.1,0.039055,0.03862731881837218,0.00042768118162781615
5.0,0.1,0.00680875,0.0066275319897827565,0.0001812180102172432
8.0,0.1,0.00041,0.00044758183494023973,3.758183494023974e-05
12.0,0.1,1.625e-05,1.1560959926419182e-05,4.689040073580817e-06
20.0,0.1,0.0,6.792767385614221e-09,6.792767385614221e-09
