signal_photons,background_photons,sigma_ln,frames,payload_bits,payload_bit_errors,payload_symbols,payload_symbol_errors,payload_frame_errors,crc_failures,undetected_payload_errors,ber,ser,fer,crc_failure_rate,undetected_payload_error_rate,zero_error_95pct_upper_bound,model
0.1,0.1,0.0,50000,800000,367879,400000,275624,49996,50000,0,0.45984875,0.68906,0.99992,1.0,0.0,,Poisson only
0.2,0.1,0.0,50000,800000,338936,400000,254440,49991,50000,0,0.42367,0.6361,0.99982,1.0,0.0,,Poisson only
0.4,0.1,0.0,50000,800000,285924,400000,214497,49893,50000,0,0.357405,0.5362425,0.99786,1.0,0.0,,Poisson only
0.7,0.1,0.0,50000,800000,223361,400000,167685,49359,50000,0,0.27920125,0.4192125,0.98718,1.0,0.0,,Poisson only
1.0,0.1,0.0,50000,800000,172820,400000,129615,47872,49994,0,0.216025,0.3240375,0.95744,0.99988,0.0,,Poisson only
1.5,0.1,0.0,50000,800000,112885,400000,84661,42643,49832,0,0.14110625,0.2116525,0.85286,0.99664,0.0,,Poisson only
2.0,0.1,0.0,50000,800000,73580,400000,55104,34742,48564,0,0.091975,0.13776,0.69484,0.97128,0.0,,Poisson only
3.0,0.1,0.0,50000,800000,31234,400000,23340,19119,38089,0,0.0390425,0.05835,0.38238,0.76178,0.0,,Poisson only
5.0,0.1,0.0,50000,800000,5170,400000,3929,3790,10580,0,0.0064625,0.0098225,0.0758,0.2116,0.0,,Poisson only
8.0,0.1,0.0,50000,800000,366,400000,275,275,846,0,0.0004575,0.0006875,0.0055,0.01692,0.0,,Poisson only
12.0,0.1,0.0,50000,800000,10,400000,7,7,25,0,1.25e-05,1.75e-05,0.00014,0.0005,0.0,,Poisson only
20.0,0.1,0.0,50000,800000,0,400000,0,0,0,0,0.0,0.0,0.0,0.0,0.0,3.75e-06,Poisson only
0.1,0.1,0.4,50000,800000,368833,400000,276524,49997,50000,0,0.46104125,0.69131,0.99994,1.0,0.0,,Poisson + log-normal turbulence
0.2,0.1,0.4,50000,800000,339081,400000,254371,49976,50000,0,0.42385125,0.6359275,0.99952,1.0,0.0,,Poisson + log-normal turbulence
0.4,0.1,0.4,50000,800000,289342,400000,216762,49804,50000,0,0.3616775,0.541905,0.99608,1.0,0.0,,Poisson + log-normal turbulence
0.7,0.1,0.4,50000,800000,228346,400000,171456,48850,49982,0,0.2854325,0.42864,0.977,0.99964,0.0,,Poisson + log-normal turbulence
1.0,0.1,0.4,50000,800000,181705,400000,136302,46676,49834,0,0.22713125,0.340755,0.93352,0.99668,0.0,,Poisson + log-normal turbulence
1.5,0.1,0.4,50000,800000,126486,400000,94778,41176,48660,0,0.1581075,0.236945,0.82352,0.9732,0.0,,Poisson + log-normal turbulence
2.0,0.1,0.4,50000,800000,89577,400000,67197,34650,45876,0,0.11197125,0.1679925,0.693,0.91752,0.0,,Poisson + log-normal turbulence
3.0,0.1,0.4,50000,800000,46864,400000,35018,22649,36536,0,0.05858,0.087545,0.45298,0.73072,0.0,,Poisson + log-normal turbulence
5.0,0.1,0.4,50000,800000,14342,400000,10750,8568,17848,0,0.0179275,0.026875,0.17136,0.35696,0.0,,Poisson + log-normal turbulence
8.0,0.1,0.4,50000,800000,3149,400000,2359,2136,5204,0,0.00393625,0.0058975,0.04272,0.10408,0.0,,Poisson + log-normal turbulence
12.0,0.1,0.4,50000,800000,553,400000,412,396,1113,0,0.00069125,0.00103,0.00792,0.02226,0.0,,Poisson + log-normal turbulence
20.0,0.1,0.4,50000,800000,44,400000,32,31,80,0,5.5e-05,8e-05,0.00062,0.0016,0.0,,Poisson + log-normal turbulence
